date,open,close,high,low,volume,amount,pct_change
2022-10-10,6136.71,5984.50,6154.06,5964.62,102448137,122828919867.10,-2.29
2022-10-11,5994.76,6017.72,6044.28,5939.07,94238001,111536274573.70,0.56
2022-10-12,6017.67,6192.65,6192.65,5918.02,120053053,146042371698.10,2.91
2022-10-13,6162.71,6252.22,6311.51,6146.40,128700906,157054880040.10,0.96
2022-10-14,6296.35,6406.46,6427.47,6286.67,141802026,181411953828.90,2.47
2022-10-17,6380.21,6472.45,6476.40,6370.15,132444628,171128918405.80,1.03
2022-10-18,6490.60,6508.50,6551.80,6447.78,129920946,172917916317.80,0.56
2022-10-19,6492.60,6461.15,6533.57,6460.70,124647381,165890298124.80,-0.73
2022-10-20,6431.99,6429.70,6525.80,6342.15,133524986,176048476245.50,-0.49
2022-10-21,6433.33,6432.33,6469.09,6387.77,119879781,151129742814.50,0.04
2022-10-24,6448.87,6378.43,6554.37,6335.07,141357126,180064469820.10,-0.84
2022-10-25,6346.15,6355.78,6411.17,6248.84,129321410,165200236897.80,-0.36
2022-10-26,6358.06,6491.69,6548.62,6348.99,150663892,200200044240.90,2.14
2022-10-27,6497.52,6461.61,6544.42,6459.92,146773822,196363432004.90,-0.46
2022-10-28,6412.61,6239.93,6446.60,6216.27,156120495,197514525527.80,-3.43
2022-10-31,6201.75,6292.62,6349.12,6201.28,145874788,187134463252.30,0.84
2022-11-01,6299.03,6439.82,6440.92,6277.62,152262990,199551407228.60,2.34
2022-11-02,6434.95,6524.51,6557.01,6424.66,162568563,216303778309.90,1.32
2022-11-03,6467.23,6566.84,6576.37,6461.30,141513704,199422978711.40,0.65
2022-11-04,6569.19,6709.64,6719.51,6568.78,165062434,230118260588.30,2.17
2022-11-07,6713.73,6713.64,6749.76,6660.98,160254947,220210872290.00,0.06
2022-11-08,6707.01,6694.96,6708.08,6647.44,135471787,180763670672.50,-0.28
2022-11-09,6694.40,6676.01,6736.67,6664.37,126564565,164404506999.30,-0.28
2022-11-10,6638.52,6603.31,6663.11,6583.86,142137645,183303850089.50,-1.09
2022-11-11,6749.07,6643.48,6776.74,6641.76,191648966,237140698560.20,0.61
2022-11-14,6639.02,6599.67,6688.01,6570.49,174303985,212896585325.60,-0.66
2022-11-15,6593.63,6752.51,6752.51,6576.87,170939160,221716230403.50,2.32
2022-11-16,6749.96,6702.04,6775.38,6687.32,155021163,195240529664.70,-0.75
2022-11-17,6685.94,6714.50,6714.50,6629.90,159191253,198847162647.50,0.19
2022-11-18,6711.89,6658.40,6752.84,6650.74,168105221,215157473530.90,-0.84
2022-11-21,6622.60,6689.33,6689.33,6585.28,137155265,179567680622.80,0.46
2022-11-22,6682.05,6583.23,6692.24,6556.34,150853226,191781768773.50,-1.59
2022-11-23,6572.16,6567.99,6592.30,6451.96,144366228,179521416697.20,-0.23
2022-11-24,6573.47,6586.86,6611.80,6553.96,126197332,159909378876.60,0.29
2022-11-25,6573.02,6512.16,6573.02,6508.52,124579396,149034248952.40,-1.13
2022-11-28,6426.93,6492.71,6494.98,6412.03,129881780,152031616662.10,-0.30
2022-11-29,6505.90,6594.32,6607.46,6505.90,157448301,180031860496.50,1.56
2022-11-30,6591.68,6590.31,6619.27,6561.27,155403136,178510447618.40,-0.06
2022-12-01,6645.47,6658.43,6691.51,6639.63,162150678,199785991939.80,1.03
2022-12-02,6644.44,6680.54,6721.69,6637.16,149424028,179613917631.10,0.33
2022-12-05,6710.73,6714.37,6723.57,6675.60,178915025,206225540021.10,0.51
2022-12-06,6690.92,6703.55,6731.07,6667.00,154810114,191497741686.10,-0.16
2022-12-07,6684.61,6705.29,6732.26,6677.52,155989281,188674730727.40,0.03
2022-12-08,6694.84,6662.34,6699.30,6648.35,148611632,176772060301.40,-0.64
2022-12-09,6661.90,6680.38,6684.15,6626.94,160349164,201813642791.20,0.27
2022-12-12,6669.17,6655.67,6680.61,6626.87,153653068,186669163108.80,-0.37
2022-12-13,6654.67,6593.67,6654.75,6586.87,149692723,176834414923.00,-0.93
2022-12-14,6600.41,6570.02,6626.70,6556.81,139664931,167786593317.70,-0.36
2022-12-15,6557.90,6597.55,6605.70,6545.00,128850544,160225836004.70,0.42
2022-12-16,6569.06,6519.44,6581.93,6504.05,134434849,161172961055.70,-1.18
2022-12-19,6518.38,6390.77,6537.14,6367.45,135485972,156179605225.00,-1.97
2022-12-20,6380.22,6341.58,6389.05,6321.14,110008606,131077432572.40,-0.77
2022-12-21,6341.22,6289.14,6344.66,6255.35,102729735,122909095334.90,-0.83
2022-12-22,6314.55,6186.93,6319.57,6171.18,113245456,131875231616.70,-1.63
2022-12-23,6154.66,6160.75,6197.24,6120.94,97094729,116283463648.40,-0.42
2022-12-26,6161.94,6275.52,6276.11,6161.94,100031210,125237422919.10,1.86
2022-12-27,6288.61,6325.63,6328.36,6256.04,109270500,136753468429.10,0.80
2022-12-28,6304.59,6268.47,6306.95,6251.30,105263874,125061546620.90,-0.90
2022-12-29,6253.79,6261.83,6322.25,6245.23,102382211,121083655952.70,-0.11
2022-12-30,6283.50,6281.62,6296.24,6262.60,97146496,116528198886.60,0.32
2023-01-03,6286.81,6423.70,6433.79,6275.69,133181680,160707712589.00,2.26
2023-01-04,6423.43,6421.28,6445.62,6385.00,131040093,156632578040.30,-0.04
2023-01-05,6427.45,6485.47,6489.99,6413.75,121661526,155822047721.10,1.00
2023-01-06,6482.88,6500.32,6539.76,6478.63,129383997,165796221277.10,0.23
2023-01-09,6523.14,6535.75,6559.46,6517.57,122047871,162944069605.70,0.55
2023-01-10,6541.82,6540.20,6546.54,6505.10,111628121,146634283725.90,0.07
2023-01-11,6544.57,6486.90,6562.35,6480.95,112882942,147472868624.70,-0.81
2023-01-12,6495.16,6489.57,6529.81,6469.48,104937470,134846593005.30,0.04
2023-01-13,6505.24,6517.51,6517.51,6475.66,110761936,138907307000.40,0.43
2023-01-16,6521.45,6591.81,6628.73,6521.45,141070888,175416637498.10,1.14
2023-01-17,6600.25,6597.49,6622.32,6573.28,108421111,139660962013.50,0.09
2023-01-18,6613.74,6613.01,6635.85,6593.37,105834674,125976031143.10,0.24
2023-01-19,6605.45,6676.08,6678.18,6590.42,107589560,135675334823.20,0.95
2023-01-20,6690.14,6736.85,6740.13,6690.14,122762682,154872288667.40,0.91
2023-01-30,6815.14,6786.45,6839.84,6780.37,170769332,211140043941.40,0.74
2023-01-31,6763.40,6805.28,6820.14,6758.90,147712346,180790076274.90,0.28
2023-02-01,6815.06,6916.72,6916.73,6812.79,169651661,208871365597.30,1.64
2023-02-02,6926.58,6933.23,6969.79,6908.70,167133986,212328053407.10,0.24
2023-02-03,6922.79,6925.08,6934.32,6829.40,157558880,194152771393.40,-0.12
2023-02-06,6902.49,6891.41,6928.28,6853.91,146059027,182865349058.40,-0.49
2023-02-07,6900.23,6924.32,6924.42,6864.21,150108752,187069724944.10,0.48
2023-02-08,6927.33,6877.72,6932.99,6873.60,138510731,173815150504.90,-0.67
2023-02-09,6864.03,6999.18,6999.18,6850.57,149147697,194994550267.40,1.77
2023-02-10,6991.23,6975.39,7015.25,6926.48,152432051,189923379511.10,-0.34
2023-02-13,6976.33,7052.18,7052.60,6973.41,160848480,207706779975.40,1.10
2023-02-14,7064.53,7061.45,7070.33,7028.79,151786438,199029649600.40,0.13
2023-02-15,7062.36,7063.60,7076.87,7038.99,159779328,207038398259.60,0.03
2023-02-16,7063.93,6925.20,7098.92,6878.35,217381617,263155308269.90,-1.96
2023-02-17,6931.99,6868.55,6954.85,6861.30,172656902,203845829244.80,-0.82
2023-02-20,6871.86,6959.36,6959.75,6825.87,165614379,196438661978.30,1.32
2023-02-21,6969.35,6990.48,7008.55,6939.59,171690946,203386321239.50,0.45
2023-02-22,6961.15,6998.43,7014.56,6947.12,144601016,175966912644.50,0.11
2023-02-23,6997.78,6966.79,7008.68,6929.61,141862467,172438837844.80,-0.45
2023-02-24,6971.65,6944.82,6983.16,6906.69,121078826,151978026582.40,-0.32
2023-02-27,6928.03,6894.30,6950.88,6876.25,129300939,162346177198.50,-0.73
2023-02-28,6911.36,6955.57,6955.57,6874.93,131036025,164461396666.40,0.89
2023-03-01,6955.48,7002.77,7002.77,6932.76,155908555,194162937428.70,0.68
2023-03-02,6999.23,6972.31,7021.11,6963.06,166505708,202422136341.80,-0.43
2023-03-03,6970.21,6967.94,6997.42,6921.27,154598247,184879618934.50,-0.06
2023-03-06,6973.52,6997.04,7004.71,6933.99,150317134,194154258047.90,0.42
2023-03-07,6991.56,6855.34,6993.18,6855.34,159757780,189478401770.30,-2.03
2023-03-08,6838.63,6891.46,6894.36,6832.04,121280600,152705779612.00,0.53
2023-03-09,6898.24,6892.86,6911.54,6851.91,126671261,155909335205.20,0.02
2023-03-10,6854.41,6798.30,6864.94,6795.22,140338591,170506323947.60,-1.37
2023-03-13,6780.02,6832.62,6832.62,6750.22,141191187,176170851055.00,0.50
2023-03-14,6824.25,6769.85,6824.25,6690.09,156336435,197124650947.30,-0.92
2023-03-15,6797.82,6803.47,6844.97,6794.41,139147010,171749343248.60,0.50
2023-03-16,6769.61,6689.78,6777.91,6677.68,141881845,175508119056.30,-1.67
2023-03-17,6726.96,6736.37,6781.95,6717.14,161535345,204155942106.60,0.70
2023-03-20,6745.95,6721.45,6760.91,6694.52,175313441,230174336044.60,-0.22
2023-03-21,6726.80,6809.39,6810.29,6725.83,146584935,195253243661.60,1.31
2023-03-22,6830.19,6840.33,6845.76,6810.76,160318267,211699058082.50,0.45
2023-03-23,6827.68,6868.83,6869.18,6809.85,165448056,224978318720.20,0.42
2023-03-24,6874.54,6867.95,6880.19,6840.75,181680229,240207097974.50,-0.01
2023-03-27,6874.39,6886.69,6900.63,6830.95,195064403,270611684185.50,0.27
2023-03-28,6881.11,6825.38,6884.54,6816.45,170468837,236725308502.20,-0.89
2023-03-29,6825.13,6806.28,6839.90,6785.15,160806595,220165772651.10,-0.28
2023-03-30,6802.07,6807.64,6814.69,6751.69,146175756,195037119351.50,0.02
2023-03-31,6806.61,6875.81,6878.32,6801.94,151581950,202602542866.00,1.00
2023-04-03,6878.09,6962.20,6966.69,6878.09,194554477,274916847266.70,1.26
2023-04-04,6960.91,6953.36,6966.99,6918.13,213211962,306141970189.20,-0.13
2023-04-06,6926.19,6983.03,6988.37,6921.66,191009494,281226984709.70,0.43
2023-04-07,6987.01,7042.89,7043.22,6978.35,167437320,242608190860.40,0.86
2023-04-10,7050.24,6968.57,7052.74,6950.77,181007868,265199179441.10,-1.06
2023-04-11,6967.03,6984.14,6986.44,6937.02,162793965,228357143486.70,0.22
2023-04-12,6989.69,7021.02,7027.84,6979.28,180300938,252639249640.40,0.53
2023-04-13,7011.66,6966.82,7029.10,6956.68,182936746,253331499905.90,-0.77
2023-04-14,6978.59,7020.09,7026.12,6942.57,174751802,249159555578.90,0.76
2023-04-17,7009.47,7012.77,7030.24,6989.70,173463101,235338063547.90,-0.10
2023-04-18,7002.26,6997.07,7014.38,6961.51,160278095,221281575130.00,-0.22
2023-04-19,6988.65,6965.58,7011.93,6955.36,168968117,237689578666.40,-0.45
2023-04-20,6956.37,6963.90,6963.90,6911.98,174240785,249390407796.80,-0.02
2023-04-21,6954.10,6773.51,6963.08,6773.51,193177324,266671875897.90,-2.73
2023-04-24,6766.52,6725.27,6771.65,6692.22,172365639,233604520118.80,-0.71
2023-04-25,6708.28,6603.24,6711.57,6517.27,194399820,247485613389.70,-1.81
2023-04-26,6577.36,6624.40,6667.43,6573.88,184561745,254123867620.10,0.32
2023-04-27,6597.73,6633.49,6672.22,6593.38,174202091,232047938559.90,0.14
2023-04-28,6617.32,6723.30,6724.57,6617.32,189027616,241929257739.10,1.35
2023-05-04,6701.49,6733.97,6738.44,6698.64,202137047,252755421973.50,0.16
2023-05-05,6723.16,6653.65,6723.98,6612.74,185876962,232757192566.90,-1.19
2023-05-08,6660.92,6702.50,6714.39,6660.92,204204619,239780230242.10,0.73
2023-05-09,6696.67,6611.64,6705.74,6610.57,217518238,256339239608.80,-1.36
2023-05-10,6599.79,6627.31,6648.04,6576.40,172301277,212227315487.50,0.24
2023-05-11,6634.16,6622.52,6653.38,6618.19,155805155,192273319326.50,-0.07
2023-05-12,6608.83,6535.94,6630.56,6535.11,153329115,183608124248.60,-1.31
2023-05-15,6537.40,6585.91,6585.91,6466.45,161126819,191863235546.20,0.76
2023-05-16,6586.72,6516.29,6586.72,6501.31,142434107,178199462179.20,-1.06
2023-05-17,6500.44,6554.98,6555.77,6497.38,125778063,156078814574.60,0.59
2023-05-18,6557.37,6583.74,6595.49,6554.08,144368801,186333515794.60,0.44
2023-05-19,6571.09,6602.32,6621.43,6545.08,135432989,179071786325.50,0.28
2023-05-22,6589.35,6595.98,6608.88,6556.74,131198543,163204580648.00,-0.10
2023-05-23,6591.56,6528.45,6600.80,6528.45,128595517,158376852884.40,-1.02
2023-05-24,6507.06,6513.18,6564.51,6476.69,125855093,163476977070.10,-0.23
2023-05-25,6502.23,6501.00,6541.39,6424.45,135834643,175437754998.30,-0.19
2023-05-26,6495.35,6546.41,6558.11,6451.73,126275617,170164842111.00,0.70
2023-05-29,6560.16,6534.12,6579.15,6518.03,152482657,204321522052.10,-0.19
2023-05-30,6517.71,6564.47,6565.48,6461.09,151317651,193152158102.50,0.46
2023-05-31,6556.52,6561.65,6581.93,6523.27,142968364,197141081474.90,-0.04
2023-06-01,6539.26,6574.76,6616.53,6515.02,153962339,208776080194.40,0.20
2023-06-02,6585.73,6626.28,6640.53,6585.73,149263604,198301484192.20,0.78
2023-06-05,6631.22,6632.96,6647.20,6609.02,137150594,186650947904.20,0.10
2023-06-06,6625.09,6489.81,6625.09,6475.26,151757959,198453126088.90,-2.16
2023-06-07,6487.20,6488.56,6517.32,6467.30,131404709,169239132087.30,-0.02
2023-06-08,6477.94,6442.48,6478.32,6399.78,135583070,172327155118.50,-0.71
2023-06-09,6446.62,6495.56,6500.45,6427.92,151977579,202023488654.40,0.82
2023-06-12,6488.20,6530.16,6549.78,6474.86,145153220,197419702843.10,0.53
2023-06-13,6525.05,6554.96,6561.02,6519.97,145636301,206066233138.30,0.38
2023-06-14,6556.03,6578.12,6591.69,6547.49,149195931,212483094306.00,0.35
2023-06-15,6579.46,6613.95,6618.62,6568.61,147955427,220050814755.80,0.54
2023-06-16,6613.10,6669.01,6674.62,6602.04,155708689,223131327342.60,0.83
2023-06-19,6674.12,6693.30,6707.23,6673.81,168025755,246819992645.00,0.36
2023-06-20,6683.92,6693.91,6717.71,6671.99,158860653,240661461466.90,0.01
2023-06-21,6679.15,6548.41,6681.57,6548.41,153983944,226296807530.60,-2.17
2023-06-26,6504.97,6420.97,6535.49,6404.04,154732688,209607215406.00,-1.95
2023-06-27,6425.84,6507.27,6518.98,6424.33,135607119,178812817549.40,1.34
2023-06-28,6504.50,6475.51,6505.47,6367.35,145808385,192407496661.60,-0.49
2023-06-29,6465.10,6520.04,6542.28,6462.07,135252145,186518747502.90,0.69
2023-06-30,6507.50,6602.04,6615.97,6500.86,144498924,203403995419.00,1.26
2023-07-03,6617.08,6612.88,6640.34,6571.84,160977356,225625497659.90,0.16
2023-07-04,6610.66,6638.45,6639.82,6599.60,139742795,203584274308.70,0.39
2023-07-05,6632.37,6584.42,6642.55,6575.73,133052280,184778773163.20,-0.81
2023-07-06,6573.58,6567.08,6619.29,6558.89,124077268,173721970871.40,-0.26
2023-07-07,6553.56,6521.43,6558.11,6486.11,123599541,164996211438.80,-0.70
2023-07-10,6539.08,6526.85,6556.15,6501.75,120450936,158540731784.70,0.08
2023-07-11,6531.63,6579.37,6579.37,6514.99,119603644,163273435604.70,0.80
2023-07-12,6576.94,6482.99,6576.96,6476.85,140204471,187051032495.20,-1.46
2023-07-13,6497.81,6548.31,6553.60,6497.76,135117757,180915189196.40,1.01
2023-07-14,6554.53,6544.46,6571.14,6538.65,135631971,188566810412.70,-0.06
2023-07-17,6524.61,6516.56,6525.19,6481.29,126408773,169117052479.30,-0.43
2023-07-18,6519.76,6510.03,6537.91,6490.06,119968653,159965850726.50,-0.10
2023-07-19,6508.52,6492.35,6530.54,6459.44,109136335,141853309418.70,-0.27
2023-07-20,6497.78,6408.76,6512.45,6404.12,122150962,155152822235.90,-1.29
2023-07-21,6397.15,6401.42,6447.30,6378.20,113590849,138788097492.40,-0.11
2023-07-24,6397.43,6393.79,6437.99,6370.05,109049465,129838947141.00,-0.12
2023-07-25,6448.27,6498.27,6499.42,6444.58,147365727,173378677340.30,1.63
2023-07-26,6497.59,6457.25,6497.59,6441.56,149583522,156686884841.10,-0.63
2023-07-27,6458.48,6407.55,6475.83,6397.59,144624358,153183204639.70,-0.77
2023-07-28,6389.43,6465.38,6471.68,6369.37,157267532,166557072689.70,0.90
2023-07-31,6475.83,6515.85,6549.75,6475.83,183815980,200589879396.80,0.78
2023-08-01,6513.14,6507.41,6521.97,6482.17,184326464,183590037269.70,-0.13
2023-08-02,6499.86,6496.02,6515.07,6475.42,168646289,171110955343.60,-0.18
2023-08-03,6472.11,6499.54,6502.55,6460.28,163471395,164830188575.00,0.05
2023-08-04,6514.54,6535.32,6561.74,6505.86,194622999,205415679148.20,0.55
2023-08-07,6524.30,6503.98,6532.52,6485.66,168919412,185333349118.40,-0.48
2023-08-08,6496.59,6471.34,6500.90,6457.25,142743414,154646581021.40,-0.50
2023-08-09,6452.98,6420.98,6464.36,6411.23,132319467,148343587966.10,-0.78
2023-08-10,6409.22,6426.81,6438.43,6392.89,131957692,134873259680.60,0.09
2023-08-11,6428.88,6304.64,6428.88,6304.64,149016729,149330410481.60,-1.90
2023-08-14,6251.97,6319.41,6320.95,6213.98,138392221,145626319567.70,0.23
2023-08-15,6318.55,6261.73,6325.57,6203.44,122703107,132851531982.60,-0.91
2023-08-16,6240.71,6186.40,6255.81,6186.40,124958759,132390724363.00,-1.20
2023-08-17,6167.65,6247.60,6255.05,6128.13,129135238,139152590239.60,0.99
2023-08-18,6245.13,6117.11,6259.79,6117.11,139212539,139942744386.90,-2.09
2023-08-21,6107.92,6057.17,6154.25,6057.17,117091696,119633708945.60,-0.98
2023-08-22,6082.72,6099.19,6108.21,5984.44,144282422,153871289474.60,0.69
2023-08-23,6084.15,5973.67,6084.15,5973.65,128422382,135807067809.50,-2.06
2023-08-24,5989.43,5987.97,6049.55,5942.57,134197451,146793181319.90,0.24
2023-08-25,5960.59,5879.03,5980.24,5855.88,140117108,150562437510.20,-1.82
2023-08-28,6204.10,5922.16,6204.10,5907.94,210870098,213172935998.40,0.73
2023-08-29,5909.46,6108.76,6121.59,5907.96,186689576,200633240451.90,3.15
2023-08-30,6117.41,6139.63,6185.27,6102.09,167499560,194127658982.30,0.51
2023-08-31,6130.64,6104.30,6130.95,6087.33,143040409,161004803812.90,-0.58
2023-09-01,6108.13,6107.20,6136.78,6086.27,124017053,138221321938.30,0.05
2023-09-04,6129.54,6198.76,6198.76,6109.10,155507281,167770708192.20,1.50
2023-09-05,6188.52,6167.64,6206.35,6154.83,141067999,162636723668.80,-0.50
2023-09-06,6146.39,6195.38,6202.32,6117.81,129717664,154853582103.20,0.45
2023-09-07,6185.33,6083.49,6185.33,6083.49,132254116,150714755551.10,-1.81
2023-09-08,6063.24,6102.49,6128.84,6062.90,118918279,142083251234.90,0.31
2023-09-11,6114.07,6182.64,6204.43,6083.39,144003299,172589292458.90,1.31
2023-09-12,6175.63,6184.61,6212.26,6169.04,120512253,144771928170.40,0.03
2023-09-13,6169.53,6103.14,6177.38,6059.29,125032676,137493570903.00,-1.32
2023-09-14,6101.77,6068.71,6102.49,6037.72,114441844,123059669839.30,-0.56
2023-09-15,6082.19,6079.06,6117.82,6046.87,124196903,137783233761.50,0.17
2023-09-18,6058.30,6083.97,6106.27,6029.97,118394457,132969980890.50,0.08
2023-09-19,6077.40,6031.04,6077.40,6011.91,112745993,121079846424.00,-0.87
2023-09-20,6020.91,5982.56,6038.75,5982.11,105727974,115642454583.70,-0.80
2023-09-21,5968.35,5939.66,5999.40,5931.10,99709529,107167135605.80,-0.72
2023-09-22,5934.27,6054.93,6056.45,5923.24,133556772,147800973210.00,1.94
2023-09-25,6051.82,6027.39,6058.47,6014.61,129532612,146282703213.50,-0.45
2023-09-26,6017.30,5996.11,6034.85,5996.05,114061563,127029193782.80,-0.52
2023-09-27,5989.80,6034.06,6063.91,5989.16,121662330,141278698421.40,0.63
2023-09-28,6048.83,6078.94,6085.53,6048.68,127759256,144764775657.90,0.74
2023-10-09,6073.28,6059.97,6075.46,6025.36,136755964,151374309942.00,-0.31
2023-10-10,6069.91,6043.48,6084.93,6037.47,140815312,164183443354.70,-0.27
2023-10-11,6056.03,6059.40,6105.42,6040.50,143601130,169349269562.30,0.26
2023-10-12,6088.55,6104.46,6106.95,6064.82,145452824,171667913017.60,0.74
2023-10-13,6080.33,6081.87,6091.54,6063.56,144115089,174075416253.50,-0.37
2023-10-16,6089.42,6024.36,6089.48,5996.79,164459217,187595023327.50,-0.95
2023-10-17,6027.91,6011.37,6028.02,5967.30,139421234,158570292157.50,-0.22
2023-10-18,5992.51,5908.01,5992.51,5905.84,145065153,164665612255.60,-1.72
2023-10-19,5879.81,5842.89,5929.58,5842.41,155497801,169977393153.20,-1.10
2023-10-20,5816.72,5774.32,5855.46,5767.02,138964349,152073198748.00,-1.17
2023-10-23,5754.18,5638.14,5754.25,5613.73,145845854,156462250900.60,-2.36
2023-10-24,5654.93,5719.32,5734.55,5625.71,151553066,163599460545.30,1.44
2023-10-25,5753.68,5778.90,5811.27,5752.79,163597326,178946013549.60,1.04
2023-10-26,5745.53,5811.69,5817.63,5724.00,157275832,177171582140.60,0.57
2023-10-27,5792.61,5916.68,5937.54,5774.63,172179646,201532115498.50,1.81
2023-10-30,5899.38,6006.56,6017.28,5898.69,179281052,219628050414.60,1.52
2023-10-31,6003.37,5969.34,6013.73,5934.20,165318441,196000266081.50,-0.62
2023-11-01,5969.81,5958.42,5983.87,5943.19,147451128,169629133630.90,-0.18
2023-11-02,5958.48,5885.25,5983.22,5885.25,140144412,159352391952.80,-1.23
2023-11-03,5895.60,5973.17,5992.75,5895.60,146120206,172570856141.90,1.49
2023-11-06,6007.43,6096.57,6097.04,6007.43,186603146,215540583016.60,2.07
2023-11-07,6088.51,6116.76,6132.14,6068.24,173946707,206605084921.00,0.33
2023-11-08,6114.99,6138.94,6160.24,6099.29,183964088,224318842687.90,0.36
2023-11-09,6135.07,6100.69,6160.98,6087.73,162244319,197856013542.60,-0.62
2023-11-10,6079.47,6088.56,6097.61,6055.99,141567605,169645048925.20,-0.20
2023-11-13,6107.27,6144.63,6144.63,6095.27,150359606,185937464876.60,0.92
2023-11-14,6143.48,6181.98,6189.50,6133.22,160172363,195770027635.70,0.61
2023-11-15,6226.20,6207.27,6234.54,6184.90,167613188,214464439439.30,0.41
2023-11-16,6188.83,6145.15,6193.64,6143.82,143682116,180547587296.00,-1.00
2023-11-17,6135.83,6199.23,6199.23,6131.67,145989658,178812142666.70,0.88
2023-11-20,6211.34,6253.28,6254.14,6184.64,160246271,200298798170.40,0.87
2023-11-21,6258.74,6212.13,6267.22,6200.69,176150665,211256978811.50,-0.66
2023-11-22,6193.36,6132.97,6221.87,6132.97,171183163,191793674607.70,-1.27
2023-11-23,6123.59,6197.53,6199.88,6107.00,152107183,169982693460.00,1.05
2023-11-24,6194.02,6115.41,6194.02,6098.96,149815992,166155059738.90,-1.33
2023-11-27,6107.56,6111.36,6130.40,6076.71,154433077,169812162709.90,-0.07
2023-11-28,6099.51,6143.30,6143.30,6065.69,128368133,147277411213.90,0.52
2023-11-29,6138.76,6113.37,6154.90,6103.98,135643952,150365714312.90,-0.49
2023-11-30,6104.77,6080.55,6110.41,6031.48,131032999,148669808037.80,-0.54
2023-12-01,6078.64,6130.05,6142.74,6059.80,145352744,166337102381.50,0.81
2023-12-04,6131.59,6114.39,6147.05,6110.25,153414365,177072943576.50,-0.26
2023-12-05,6098.12,5992.60,6098.12,5992.60,142775427,162512340061.10,-1.99
2023-12-06,5977.61,6023.80,6066.42,5970.28,144320624,153827863997.40,0.52
2023-12-07,6019.96,6020.83,6044.86,5983.25,148536627,166906747990.90,-0.05
2023-12-08,6021.92,6003.14,6056.06,6003.14,167971282,194131627853.10,-0.29
2023-12-11,5984.68,6075.08,6080.80,5933.74,159843436,181217092726.10,1.20
2023-12-12,6070.88,6078.99,6084.28,6050.73,129712088,152793036408.50,0.06
2023-12-13,6067.78,6019.55,6076.36,6019.55,122547150,143748119086.90,-0.98
2023-12-14,6038.92,5991.86,6072.61,5989.23,120199382,138756005777.90,-0.46
2023-12-15,6000.26,5951.60,6016.40,5935.32,123710100,138326703914.60,-0.67
2023-12-18,5939.43,5857.01,5941.90,5845.96,125259423,130966305876.30,-1.59
2023-12-19,5853.19,5863.54,5887.77,5820.51,111682675,116256467570.00,0.11
2023-12-20,5869.56,5761.31,5873.76,5761.31,111630053,120601845450.70,-1.74
2023-12-21,5739.02,5798.91,5814.04,5685.64,124949100,134047868867.10,0.65
2023-12-22,5797.61,5733.91,5819.65,5713.80,141167085,147745244442.00,-1.12
2023-12-25,5726.56,5735.73,5753.43,5698.32,109638963,116368993151.30,0.03
2023-12-26,5734.15,5651.59,5734.56,5632.87,104063276,112250605152.70,-1.47
2023-12-27,5658.19,5696.16,5703.17,5636.94,108265354,115290789797.90,0.79
2023-12-28,5687.75,5805.53,5824.40,5660.13,144134383,155833384642.40,1.92
2023-12-29,5797.58,5887.24,5891.63,5795.76,134690778,152875806702.90,1.41
2024-01-02,5891.17,5854.75,5891.23,5854.59,128377670,141351641579.10,-0.55
2024-01-03,5838.55,5824.04,5861.41,5785.25,119248925,131179260680.90,-0.52
2024-01-04,5814.94,5783.02,5814.94,5753.47,102952534,112642946169.60,-0.70
2024-01-05,5779.76,5675.81,5796.76,5652.13,119205197,126682946916.80,-1.85
2024-01-08,5664.45,5543.57,5664.45,5543.57,110512726,112633892924.60,-2.33
2024-01-09,5553.18,5553.30,5607.22,5513.13,110223223,114678407169.20,0.18
2024-01-10,5540.66,5512.07,5580.42,5462.36,106499446,108158125143.00,-0.74
2024-01-11,5507.80,5611.11,5634.02,5502.29,124717749,123635425166.10,1.80
2024-01-12,5601.10,5574.49,5646.27,5574.41,121066881,118289969742.10,-0.65
2024-01-15,5558.15,5559.38,5607.13,5520.36,108667184,107428092792.80,-0.27
2024-01-16,5555.00,5539.47,5566.21,5463.29,116803108,113669505608.70,-0.36
2024-01-17,5529.89,5389.12,5529.89,5389.12,104037354,104138700026.90,-2.71
2024-01-18,5360.21,5373.42,5375.23,5214.90,148711036,142966452446.50,-0.29
2024-01-19,5364.81,5306.99,5395.14,5304.96,106431086,109174686371.90,-1.24
2024-01-22,5298.31,5000.83,5298.31,4970.20,144252512,139600818351.00,-5.77
2024-01-23,4992.79,5079.63,5102.44,4939.52,130288241,124162903226.60,1.58
2024-01-24,5102.82,5143.41,5151.42,4951.90,143326441,135222048613.60,1.26
2024-01-25,5143.29,5316.20,5316.26,5112.54,163144917,158319218894.50,3.36
2024-01-26,5303.96,5269.76,5352.85,5253.32,155415661,150031258107.20,-0.87
2024-01-29,5282.82,5131.25,5301.87,5131.25,150000892,141294666661.00,-2.63
2024-01-30,5099.59,4984.66,5144.29,4978.91,125015069,117586947100.20,-2.86
2024-01-31,4949.19,4785.03,4986.10,4775.62,158237155,139299752958.00,-4.00
2024-02-01,4753.64,4750.44,4858.72,4684.47,147115516,129099528518.50,-0.72
2024-02-02,4753.67,4574.67,4802.62,4431.82,176885435,150000797614.00,-3.70
2024-02-05,4534.75,4293.07,4534.75,4177.94,211274330,166206907857.50,-6.16
2024-02-06,4229.79,4592.44,4641.45,4192.97,210187410,169330958130.70,6.97
2024-02-07,4604.12,4797.85,4848.24,4599.35,216213317,188713236491.80,4.47
2024-02-08,4826.14,4993.10,5067.23,4826.14,217620059,192261800168.90,4.07
2024-02-19,5062.68,5029.59,5071.20,4950.33,203870996,185885021627.30,0.73
2024-02-20,5004.42,5046.01,5058.22,4950.39,154344285,151079011056.70,0.33
2024-02-21,5001.66,5073.48,5208.65,4974.08,193280527,178053450105.20,0.54
2024-02-22,5075.43,5151.53,5152.02,5066.00,153064295,146838694830.70,1.54
2024-02-23,5169.01,5225.67,5225.67,5114.15,171213693,167541135856.90,1.44
2024-02-26,5234.81,5255.40,5325.77,5201.13,184471643,180222595495.40,0.57
2024-02-27,5237.11,5394.03,5394.03,5218.59,182622372,183476438078.70,2.64
2024-02-28,5403.50,5152.05,5478.09,5152.05,260742382,251859520937.90,-4.49
2024-02-29,5122.18,5344.61,5344.61,5122.18,188036238,185219961181.50,3.74
2024-03-01,5354.73,5401.94,5411.32,5322.09,184436487,196339349955.40,1.07
2024-03-04,5412.91,5428.34,5429.80,5332.24,179308205,199765408572.60,0.49
2024-03-05,5392.88,5375.13,5417.82,5337.67,174166911,196428311575.60,-0.98
2024-03-06,5346.08,5381.46,5434.40,5306.46,154684371,164978930227.70,0.12
2024-03-07,5389.99,5303.28,5430.39,5303.28,161023860,167524667896.00,-1.45
2024-03-08,5309.59,5370.37,5386.18,5283.15,139130895,147532325483.80,1.27
2024-03-11,5358.84,5466.65,5466.65,5350.29,164133442,175152725407.50,1.79
2024-03-12,5477.13,5496.36,5524.50,5443.96,183984140,198909272334.70,0.54
2024-03-13,5501.59,5521.78,5561.08,5476.79,181270807,200355388366.40,0.46
2024-03-14,5521.72,5486.65,5546.10,5433.21,168948172,184410019586.70,-0.64
2024-03-15,5472.89,5555.64,5555.64,5459.32,161095841,171573287270.10,1.26
2024-03-18,5573.93,5648.01,5648.01,5559.05,193419517,212069710000.30,1.66
2024-03-19,5633.50,5607.48,5660.50,5607.26,181118096,202358294570.70,-0.72
2024-03-20,5600.12,5659.15,5663.74,5600.12,179307654,199862431481.60,0.92
2024-03-21,5674.50,5658.28,5690.45,5623.30,194332946,215621373720.60,-0.02
2024-03-22,5649.08,5595.88,5660.15,5546.78,210254327,226506007179.60,-1.10
2024-03-25,5581.35,5466.06,5611.69,5466.06,204705382,224613418949.10,-2.32
2024-03-26,5454.65,5447.75,5495.63,5381.85,183180684,197261354305.90,-0.33
2024-03-27,5435.97,5266.23,5436.65,5266.23,179173504,183978555512.10,-3.33
2024-03-28,5262.22,5382.24,5430.77,5262.22,178598735,187597295821.20,2.20
2024-03-29,5383.74,5441.26,5441.26,5345.87,168653431,177336825495.70,1.10
2024-04-01,5461.59,5559.06,5559.87,5461.59,191025707,202413394132.80,2.16
2024-04-02,5556.52,5531.05,5556.52,5490.82,196097459,201831299209.60,-0.50
2024-04-03,5518.91,5500.93,5525.03,5457.61,186291066,191730116467.60,-0.54
2024-04-08,5487.63,5399.91,5492.40,5399.91,186573359,186731192201.40,-1.84
2024-04-09,5392.99,5468.91,5468.91,5384.03,159201159,160292707953.50,1.28
2024-04-10,5456.97,5367.05,5456.97,5325.91,167459493,164477827457.10,-1.86
2024-04-11,5330.68,5379.92,5441.50,5322.84,165143700,162747758509.60,0.24
2024-04-12,5379.17,5338.77,5408.52,5330.54,157174522,155385863393.20,-0.76
2024-04-15,5320.81,5287.51,5364.59,5205.71,201711028,188383366155.50,-0.96
2024-04-16,5255.21,5066.66,5283.83,5063.94,207171940,188123371675.10,-4.18
2024-04-17,5109.08,5287.46,5287.46,5109.08,190079395,181206086976.70,4.36
2024-04-18,5276.47,5286.72,5345.44,5233.90,188225058,187626267250.10,-0.01
2024-04-19,5257.01,5264.39,5312.15,5224.32,178870211,176532930688.60,-0.42
2024-04-22,5231.56,5246.08,5300.79,5187.52,167762229,165970259919.50,-0.35
2024-04-23,5234.43,5218.43,5260.29,5194.26,156851394,154949436774.90,-0.53
2024-04-24,5219.26,5305.61,5305.61,5200.60,162666749,165940790840.90,1.67
2024-04-25,5285.14,5313.99,5357.44,5273.55,157831248,164090144070.80,0.16
2024-04-26,5303.15,5415.94,5420.37,5303.15,210886927,219583789153.50,1.92
2024-04-29,5422.41,5545.23,5550.21,5422.41,241439744,247411968960.40,2.39
2024-04-30,5530.94,5497.43,5542.19,5482.99,204909743,205851328015.80,-0.86
2024-05-06,5558.92,5606.84,5611.27,5558.92,205174028,213462084934.00,1.99
2024-05-07,5604.27,5625.34,5631.95,5593.01,185622540,197355483310.20,0.33
2024-05-08,5605.59,5536.66,5605.59,5529.91,175730988,186180909949.60,-1.58
2024-05-09,5533.51,5626.83,5638.64,5533.51,172678261,186969311191.00,1.63
2024-05-10,5632.76,5574.23,5641.92,5549.61,188377044,190161522864.50,-0.93
2024-05-13,5537.93,5520.80,5556.71,5479.95,180308639,183109444689.90,-0.96
2024-05-14,5524.43,5551.68,5574.25,5524.26,169585067,171272800583.80,0.56
2024-05-15,5541.81,5497.23,5551.26,5491.52,163304598,157739697587.40,-0.98
2024-05-16,5508.95,5488.95,5539.92,5474.28,169798002,163725528727.50,-0.15
2024-05-17,5489.42,5563.23,5564.06,5478.30,182873081,174923884707.10,1.35
2024-05-20,5563.65,5596.78,5612.35,5548.90,197476441,194649563347.60,0.60
2024-05-21,5586.01,5536.74,5586.01,5517.39,172959880,164385097291.60,-1.07
2024-05-22,5532.84,5539.66,5553.70,5508.76,168002993,159617620663.60,0.05
2024-05-23,5521.18,5412.82,5521.18,5402.00,175806710,165079443510.70,-2.29
2024-05-24,5401.58,5350.11,5436.81,5350.11,151050114,144589510290.40,-1.16
2024-05-27,5358.08,5404.62,5404.62,5295.09,151409114,145062270806.00,1.02
2024-05-28,5390.40,5348.03,5414.98,5343.83,148458050,142242447962.10,-1.05
2024-05-29,5336.70,5351.25,5386.78,5324.69,142698663,131551463739.00,0.06
2024-05-30,5334.80,5334.30,5371.81,5311.44,141323171,133560052962.30,-0.32
2024-05-31,5334.10,5355.21,5381.72,5334.10,136735137,133719611673.30,0.39
2024-06-03,5350.64,5284.62,5351.25,5246.17,163388152,156847760734.70,-1.32
2024-06-04,5267.36,5313.71,5319.71,5229.68,145127777,138133314033.10,0.55
2024-06-05,5294.30,5244.09,5330.80,5244.09,132143504,129081217483.10,-1.31
2024-06-06,5249.95,5130.87,5275.89,5113.21,169793255,159189463760.40,-2.16
2024-06-07,5159.17,5153.59,5190.00,5096.08,130320202,127151511671.80,0.44
2024-06-11,5132.22,5198.92,5208.18,5086.86,128533904,130922333475.10,0.88
2024-06-12,5188.36,5216.46,5231.47,5186.61,121650752,125294312043.50,0.34
2024-06-13,5214.41,5180.24,5219.71,5170.17,131172507,138017519920.10,-0.69
2024-06-14,5164.87,5180.65,5190.71,5138.36,139132978,147939037918.90,0.01
2024-06-17,5158.98,5183.97,5211.39,5151.28,124616372,140185484941.90,0.06
2024-06-18,5183.27,5227.25,5237.82,5177.28,135460663,139816865554.00,0.83
2024-06-19,5230.49,5159.99,5241.97,5159.99,125806229,137697257826.40,-1.29
2024-06-20,5150.80,5056.14,5174.87,5052.89,141500845,145161795219.60,-2.01
2024-06-21,5040.63,5055.33,5090.57,5014.48,111201689,113314006072.60,-0.02
2024-06-24,5025.52,4887.78,5029.73,4884.50,128915163,133643136633.00,-3.31
2024-06-25,4885.89,4847.61,4907.96,4814.68,112593300,116321034874.90,-0.82
2024-06-26,4842.00,4986.38,4988.31,4812.10,138027529,125780748745.50,2.86
2024-06-27,4964.66,4864.09,4969.09,4862.63,121642911,114644913464.20,-2.45
2024-06-28,4855.35,4895.99,4968.27,4851.84,134567796,129940344766.50,0.66
2024-07-01,4894.56,4940.25,4954.18,4839.75,129219325,123312519185.00,0.90
2024-07-02,4940.70,4905.65,4951.20,4886.70,118827986,116969050568.00,-0.70
2024-07-03,4900.67,4867.13,4906.51,4857.78,102300301,103816042643.40,-0.79
2024-07-04,4868.55,4761.87,4883.74,4745.91,121202257,107066707375.00,-2.16
2024-07-05,4753.73,4810.79,4828.84,4711.87,110602467,100918951124.10,1.03
2024-07-08,4801.49,4693.96,4801.49,4679.28,123548775,109218205975.50,-2.43
2024-07-09,4689.27,4797.06,4810.32,4645.20,148511187,139660896310.10,2.20
2024-07-10,4783.17,4777.68,4829.21,4768.12,138401543,133173779703.40,-0.40
2024-07-11,4846.11,4893.59,4896.15,4821.41,153190469,152871133831.30,2.43
2024-07-12,4884.41,4878.02,4897.17,4858.30,130854179,126357791679.30,-0.32
2024-07-15,4869.00,4827.60,4869.00,4815.41,126413017,116891290149.30,-1.03
2024-07-16,4815.74,4836.72,4845.35,4786.21,120891502,119708973121.00,0.19
2024-07-17,4834.44,4795.62,4842.72,4786.35,120425116,121445754615.70,-0.85
2024-07-18,4763.30,4812.43,4822.62,4714.60,121727781,126287644105.40,0.35
2024-07-19,4788.77,4821.42,4854.71,4778.71,112647955,120485073177.80,0.19
2024-07-22,4822.64,4826.87,4848.31,4798.12,110732121,117656274044.70,0.11
2024-07-23,4825.75,4694.95,4825.75,4694.95,120495201,121481765801.70,-2.73
2024-07-24,4682.06,4631.01,4713.07,4625.42,121091980,118860085094.90,-1.36
2024-07-25,4602.63,4632.57,4678.66,4587.71,108530458,105862951893.20,0.03
2024-07-26,4638.31,4702.08,4710.57,4638.31,110691033,108478164451.40,1.50
2024-07-29,4707.28,4685.65,4707.28,4670.80,109319605,108822855999.80,-0.35
2024-07-30,4674.92,4702.49,4716.21,4637.41,112315594,112127735536.10,0.36
2024-07-31,4698.73,4889.08,4889.77,4690.00,173761942,168965970522.20,3.97
2024-08-01,4894.81,4878.29,4933.06,4850.63,146421421,150211396562.70,-0.22
2024-08-02,4844.78,4809.89,4902.94,4802.02,137989767,141716564224.70,-1.40
2024-08-05,4776.18,4678.78,4854.59,4678.74,152847485,147489789943.20,-2.73
2024-08-06,4731.20,4749.95,4766.27,4695.64,127097641,119128621767.90,1.52
2024-08-07,4741.65,4743.41,4772.21,4715.53,112619284,108823999546.00,-0.14
2024-08-08,4728.33,4739.49,4776.49,4677.43,126746572,118155007291.90,-0.08
2024-08-09,4760.13,4702.75,4789.17,4702.75,115665338,101903629129.50,-0.78
2024-08-12,4696.36,4674.10,4707.22,4657.33,107665245,93579528556.90,-0.61
2024-08-13,4671.20,4697.59,4698.34,4642.67,100207248,89086385467.70,0.50
2024-08-14,4698.00,4649.28,4698.15,4649.28,99911373,88773228421.60,-1.03
2024-08-15,4639.08,4691.85,4743.73,4620.56,129900650,111783008443.30,0.92
2024-08-16,4696.72,4655.65,4703.03,4654.46,122612541,108413620564.20,-0.77
2024-08-19,4651.30,4663.61,4714.06,4644.60,119942244,104904645645.90,0.17
2024-08-20,4663.78,4579.30,4665.63,4563.86,129979655,107871967949.60,-1.81
2024-08-21,4564.38,4548.26,4590.20,4543.88,108164315,92275965567.00,-0.68
2024-08-22,4549.30,4491.84,4562.98,4484.56,113469330,97994054397.80,-1.24
2024-08-23,4482.65,4495.34,4510.60,4462.76,110254720,94849186101.10,0.08
2024-08-26,4492.71,4512.89,4531.17,4476.24,112271843,97519324794.10,0.39
2024-08-27,4500.74,4459.68,4501.08,4449.21,113939520,100126840568.50,-1.18
2024-08-28,4449.71,4470.55,4506.31,4437.52,107903177,92367714620.60,0.24
2024-08-29,4453.43,4542.46,4558.95,4443.90,129788753,118136327341.60,1.61
2024-08-30,4539.93,4629.32,4691.01,4534.04,177838616,163027974058.40,1.91
2024-09-02,4627.18,4532.51,4635.77,4529.83,155927274,139933704119.00,-2.09
2024-09-03,4529.94,4572.40,4598.63,4529.94,128952462,116579546737.00,0.88
2024-09-04,4542.90,4550.77,4594.44,4529.34,122871657,113470304817.70,-0.47
2024-09-05,4554.52,4586.78,4614.75,4554.52,121209194,108293303464.30,0.79
2024-09-06,4588.93,4508.23,4595.70,4506.39,127217733,115580272235.00,-1.71
2024-09-09,4490.99,4475.53,4523.37,4459.13,113284927,100227926910.60,-0.73
2024-09-10,4481.49,4487.58,4507.15,4400.78,132351585,114554770062.80,0.27
2024-09-11,4469.01,4486.01,4500.68,4453.20,113953972,101974619541.40,-0.03
2024-09-12,4490.52,4468.74,4542.28,4468.74,118731187,106135757549.80,-0.38
2024-09-13,4471.98,4413.19,4478.22,4413.19,116827287,102975444046.20,-1.24
2024-09-18,4413.90,4399.13,4425.79,4342.21,113552078,94168113827.80,-0.32
2024-09-19,4418.78,4482.27,4527.61,4385.49,145747160,122312275719.10,1.89
2024-09-20,4484.18,4463.36,4487.08,4428.17,127480177,110050423361.60,-0.42
2024-09-23,4462.72,4469.13,4513.97,4445.99,124945066,113678187174.80,0.13
2024-09-24,4489.49,4642.56,4642.56,4466.34,215782531,186154173396.10,3.88
2024-09-25,4688.39,4686.26,4799.86,4681.85,264240731,228396448070.10,0.94
2024-09-26,4675.94,4874.13,4874.13,4672.87,253977829,222158651466.90,4.01
2024-09-27,4950.94,5136.44,5164.54,4944.84,290681694,277755801270.40,5.38
2024-09-30,5375.57,5708.83,5732.57,5307.55,471432852,484582504080.60,11.14
2024-10-08,6437.11,6201.99,6437.11,5861.32,550590792,637520550865.10,8.64
2024-10-09,6052.67,5727.38,6105.03,5706.05,458094212,561178624981.70,-7.65
2024-10-10,5777.90,5654.53,5881.33,5593.98,349628012,422832925090.90,-1.27
2024-10-11,5610.95,5416.76,5616.81,5349.32,279992646,325513950176.70,-4.20
2024-10-14,5451.62,5615.76,5620.42,5346.42,281144405,332914366924.40,3.67
2024-10-15,5585.69,5507.18,5704.56,5505.81,297517095,380974458307.90,-1.93
2024-10-16,5425.43,5524.25,5598.84,5424.39,248520319,306601622534.30,0.31
2024-10-17,5563.46,5505.61,5624.79,5504.49,276397486,351913540301.80,-0.34
2024-10-18,5495.20,5749.43,5880.90,5484.24,359719039,468006517576.10,4.43
2024-10-21,5797.00,5860.57,5954.44,5767.79,355061095,496180057607.10,1.93
2024-10-22,5866.79,5888.81,5940.37,5814.30,347298628,466594853550.60,0.48
2024-10-23,5871.32,5903.58,5991.59,5856.37,333753772,435103067665.10,0.25
2024-10-24,5871.29,5861.63,5887.45,5817.93,264149476,352283289320.80,-0.71
2024-10-25,5876.44,5974.91,6014.11,5876.21,306820665,394949027910.60,1.93
2024-10-28,5988.72,6082.09,6082.09,5965.00,326722938,408798512149.40,1.79
2024-10-29,6106.19,5983.84,6113.64,5982.53,369325299,475114148305.50,-1.62
2024-10-30,5960.79,6019.35,6043.59,5945.68,324380186,416947148542.40,0.59
2024-10-31,6041.01,6116.66,6161.56,6004.71,386119485,507595177939.20,1.62
2024-11-01,6100.79,5930.23,6125.41,5912.53,409338276,511368123627.10,-3.05
2024-11-04,5912.31,6053.11,6053.11,5912.31,295637147,378246863909.90,2.07
2024-11-05,6057.21,6266.54,6279.92,6051.46,390142531,511248826464.40,3.53
2024-11-06,6287.29,6293.19,6368.87,6247.15,424250101,551410098216.10,0.43
2024-11-07,6238.62,6403.92,6403.92,6229.49,408571652,498495772935.50,1.76
2024-11-08,6470.07,6423.12,6526.65,6400.09,451796308,570702092921.50,0.30
2024-11-11,6416.17,6579.01,6580.57,6412.58,402436255,551137709952.70,2.43
2024-11-12,6593.82,6491.97,6616.16,6429.35,400715244,547396142339.80,-1.32
2024-11-13,6453.86,6474.39,6512.60,6357.56,317485928,420386937348.90,-0.27
2024-11-14,6462.01,6272.19,6472.95,6263.31,294794718,387867737326.20,-3.12
2024-11-15,6246.34,6125.51,6331.87,6124.66,295191634,383424106208.70,-2.34
2024-11-18,6154.51,5974.56,6180.88,5937.09,322672608,374007994760.50,-2.46
2024-11-19,5977.84,6130.28,6130.50,5945.46,273167526,327924260763.40,2.61
2024-11-20,6116.96,6250.80,6262.08,6105.22,299975821,367521344350.30,1.97
2024-11-21,6241.01,6262.16,6292.86,6199.71,299655111,380712417744.10,0.18
2024-11-22,6240.09,6030.49,6280.60,6030.37,342129117,415874882244.10,-3.70
2024-11-25,6047.94,6052.13,6076.19,5937.91,277646776,336016461450.60,0.36
2024-11-26,6036.64,5981.57,6093.37,5979.39,244404112,293810759318.90,-1.17
2024-11-27,5942.53,6118.66,6119.01,5857.00,290946267,337553542213.30,2.29
2024-11-28,6121.68,6086.09,6170.13,6077.60,301235560,352731886172.70,-0.53
2024-11-29,6066.71,6189.13,6246.20,6039.83,324762691,387695670289.70,1.69
2024-12-02,6188.80,6313.61,6325.86,6188.80,354028066,408649278002.30,2.01
2024-12-03,6318.97,6303.28,6342.36,6239.44,326652363,377825590965.00,-0.16
2024-12-04,6301.05,6204.94,6303.50,6175.84,299202098,351416845597.90,-1.56
2024-12-05,6186.12,6285.60,6302.36,6186.12,288535617,340682850434.60,1.30
2024-12-06,6291.30,6349.62,6384.66,6229.21,349030963,392887681462.00,1.02
2024-12-09,6346.59,6303.27,6371.10,6257.54,293773287,336347274096.10,-0.73
2024-12-10,6493.54,6362.02,6497.89,6352.76,374209206,453736859984.80,0.93
2024-12-11,6343.78,6447.37,6454.97,6343.78,331351956,392600350436.20,1.34
2024-12-12,6454.94,6490.15,6493.71,6390.59,342326053,407629783932.50,0.66
2024-12-13,6447.20,6354.99,6460.94,6351.30,361985513,430631043518.90,-2.08
2024-12-16,6355.63,6277.52,6367.81,6248.16,310215173,379382275677.10,-1.22
2024-12-17,6262.49,6143.94,6269.14,6133.13,274793959,325036282699.40,-2.13
2024-12-18,6156.69,6195.87,6242.52,6121.05,248024122,310421477631.80,0.85
2024-12-19,6127.22,6207.19,6223.80,6108.39,251487924,320880949172.30,0.18
2024-12-20,6195.64,6271.75,6320.96,6191.08,243659085,344655611869.70,1.04
2024-12-23,6271.76,6096.38,6276.97,6086.91,258474975,333062018484.70,-2.80
2024-12-24,6110.77,6164.36,6165.20,6066.23,216010918,281310588166.20,1.12
2024-12-25,6158.65,6094.69,6159.60,6037.74,219027032,274581369547.30,-1.13
2024-12-26,6083.89,6160.45,6185.81,6083.89,206916739,280812700394.60,1.08
2024-12-27,6164.67,6171.57,6250.20,6135.48,237841554,313072970915.20,0.18
2024-12-30,6164.91,6145.93,6192.58,6097.10,207712448,273573030015.30,-0.42
2024-12-31,6151.03,5957.72,6160.73,5957.72,237990032,296970407968.70,-3.06
2025-01-02,5948.68,5797.09,5982.55,5743.18,244125606,293717954949.80,-2.70
2025-01-03,5808.54,5625.21,5826.08,5609.77,237093211,272348061516.50,-2.96
2025-01-06,5614.03,5608.03,5688.92,5561.90,203047676,234876628472.70,-0.31
2025-01-07,5610.95,5692.04,5694.00,5580.89,193912450,234287089801.00,1.50
2025-01-08,5664.31,5661.78,5706.66,5501.49,225800830,272083991656.30,-0.53
2025-01-09,5629.90,5672.78,5714.46,5629.82,193320421,248219962749.30,0.19
2025-01-10,5662.77,5544.92,5718.21,5544.92,198014877,242988533222.60,-2.25
2025-01-13,5487.12,5559.47,5599.33,5457.51,169309190,201644040965.30,0.26
2025-01-14,5580.88,5811.05,5814.71,5562.18,235772869,291062201266.90,4.53
2025-01-15,5805.90,5775.57,5815.15,5755.62,204290325,258108817510.50,-0.61
2025-01-16,5810.05,5801.31,5906.47,5753.76,216373239,268024992527.50,0.45
2025-01-17,5780.61,5841.57,5885.42,5755.91,196817967,252875263541.60,0.69
2025-01-20,5877.97,5879.15,5925.07,5856.83,198430783,250732032833.40,0.64
2025-01-21,5911.40,5908.02,5917.13,5834.96,199127834,273060411933.60,0.49
2025-01-22,5879.84,5855.74,5886.74,5824.03,180296760,245947705315.30,-0.88
2025-01-23,5911.22,5829.03,5991.85,5829.03,222855753,296684961437.90,-0.46
2025-01-24,5815.46,5938.13,5943.11,5815.46,208090445,279147952363.80,1.87
2025-01-27,5946.73,5846.07,5964.15,5846.07,188646200,253588513600.50,-1.55
2025-02-05,5900.51,5881.44,5928.88,5851.60,212005310,286305599979.00,0.61
2025-02-06,5869.71,6041.83,6042.02,5853.75,255998511,361378399220.70,2.73
2025-02-07,6046.36,6134.05,6198.75,6042.26,323952835,447048589278.10,1.53
2025-02-10,6155.05,6210.55,6218.07,6126.08,297825932,407767222307.30,1.25
2025-02-11,6209.52,6190.17,6220.96,6135.87,288271576,393173431222.10,-0.33
2025-02-12,6172.39,6284.61,6284.92,6171.06,281342765,392322251370.80,1.53
2025-02-13,6290.79,6212.50,6290.79,6202.59,312984935,437899818480.60,-1.15
2025-02-14,6203.48,6248.83,6257.31,6182.26,298005849,411860060509.20,0.58
2025-02-17,6285.04,6281.57,6308.48,6231.87,323734337,458304251930.70,0.52
2025-02-18,6264.28,6142.14,6282.40,6112.59,300159330,417068621357.90,-2.22
2025-02-19,6134.99,6288.53,6290.01,6133.94,272920114,405139537119.40,2.38
2025-02-20,6289.13,6334.41,6349.47,6274.03,288110198,424704883960.30,0.73
2025-02-21,6347.67,6449.23,6456.92,6317.09,327263771,503581232097.60,1.81
2025-02-24,6454.56,6464.02,6504.40,6411.77,318461161,492113846711.40,0.23
2025-02-25,6369.28,6435.43,6503.01,6359.84,295366372,464348021187.80,-0.44
2025-02-26,6451.40,6524.41,6527.85,6423.60,303176413,463990773161.60,1.38
2025-02-27,6526.81,6499.53,6550.10,6395.91,311964101,475356399878.80,-0.38
2025-02-28,6460.90,6270.42,6468.80,6252.01,295559675,433909057524.60,-3.53
2025-03-03,6291.05,6273.67,6382.05,6240.57,266945412,388839572584.00,0.05
2025-03-04,6218.83,6357.63,6364.12,6217.81,229548486,347694980443.60,1.34
2025-03-05,6365.43,6398.24,6401.83,6318.29,238961847,359566648067.30,0.64
2025-03-06,6438.16,6534.97,6548.85,6435.54,300554770,464779819147.60,2.14
2025-03-07,6512.73,6507.76,6577.95,6465.26,308888807,463226928282.70,-0.42
2025-03-10,6519.03,6520.97,6541.59,6466.90,256522113,374384335127.90,0.20
2025-03-11,6438.24,6551.73,6551.73,6432.76,252455216,366244090084.30,0.47
2025-03-12,6585.60,6566.97,6632.39,6564.72,281705576,416300253927.50,0.23
2025-03-13,6558.42,6466.85,6570.89,6405.73,266825677,384618292918.10,-1.52
2025-03-14,6463.92,6571.17,6575.82,6428.22,276329994,384170674116.10,1.61
2025-03-17,6585.82,6589.57,6609.89,6557.63,252080841,353560411350.90,0.28
2025-03-18,6605.04,6611.93,6642.86,6581.96,234726563,344774184042.90,0.34
2025-03-19,6590.56,6564.68,6598.51,6536.72,219662999,319556371524.70,-0.71
2025-03-20,6551.82,6535.06,6596.27,6528.86,231907477,316002108435.20,-0.45
2025-03-21,6507.95,6405.61,6531.76,6389.62,256205335,330125305370.50,-1.98
2025-03-24,6403.57,6360.34,6412.52,6244.87,257684583,320142693524.40,-0.71
2025-03-25,6355.81,6310.76,6382.19,6289.12,231663781,281993855607.20,-0.78
2025-03-26,6297.33,6334.91,6371.10,6297.33,206679513,248639805634.00,0.38
2025-03-27,6315.10,6328.77,6394.21,6254.89,198894704,256610200493.70,-0.10
2025-03-28,6326.81,6268.32,6356.80,6261.69,196553528,246785917264.60,-0.96
2025-03-31,6229.56,6226.65,6259.36,6143.65,207382027,267799428240.20,-0.66
2025-04-01,6242.07,6259.48,6300.67,6240.20,182332217,241767488058.70,0.53
2025-04-02,6252.63,6277.25,6316.64,6251.85,159266425,208427533565.50,0.28
2025-04-03,6208.29,6203.26,6299.16,6168.54,183699630,238273426167.90,-1.18
2025-04-07,5811.54,5496.44,5905.57,5437.45,277214829,311471174814.60,-11.39
2025-04-08,5475.56,5530.02,5632.64,5426.03,309701516,342259642935.20,0.61
2025-04-09,5439.18,5652.33,5688.48,5224.97,305724039,342055474010.90,2.21
2025-04-10,5766.51,5784.59,5883.46,5766.41,274161849,329964030633.80,2.34
2025-04-11,5744.80,5862.19,5923.14,5743.08,222139162,288233391742.40,1.34
2025-04-14,5933.99,5938.53,5979.90,5914.25,216581141,272673485153.70,1.30
2025-04-15,5938.57,5914.03,5949.86,5872.29,183047848,225752074311.10,-0.41
2025-04-16,5897.20,5835.35,5903.12,5758.67,190423901,229430157870.70,-1.33
2025-04-17,5802.29,5839.56,5898.18,5801.12,173196708,212948447362.00,0.07
2025-04-18,5833.11,5831.69,5855.69,5793.79,164444603,190723835634.60,-0.13
2025-04-21,5826.62,5952.64,5952.72,5802.83,192711500,228800249697.60,2.07
2025-04-22,5947.15,5949.31,5974.32,5923.59,206457074,246793931978.70,-0.06
2025-04-23,5971.47,5984.58,6013.28,5954.03,218196156,274309975849.20,0.59
2025-04-24,5979.41,5920.48,5984.37,5897.65,199796564,237867471237.90,-1.07
2025-04-25,5927.32,5939.50,5982.71,5901.08,198087660,234799469589.10,0.32
2025-04-28,5933.42,5877.06,5939.96,5868.87,194950891,221937583618.80,-1.05
2025-04-29,5850.83,5903.38,5921.56,5836.03,186023394,219411784620.60,0.45
2025-04-30,5907.19,5950.12,5972.66,5907.19,195458998,241759324240.80,0.79
2025-05-06,5993.33,6102.92,6102.92,5993.33,220209623,283658443311.40,2.57
2025-05-07,6171.61,6111.49,6195.14,6063.64,233922951,296522333566.70,0.14
2025-05-08,6093.56,6158.08,6167.15,6087.37,203915826,262739570040.50,0.76
2025-05-09,6153.53,6082.08,6153.53,6054.93,189221287,242809574289.10,-1.23
2025-05-12,6122.67,6167.46,6167.46,6110.02,196847210,264308289588.10,1.40
2025-05-13,6219.45,6151.01,6220.44,6141.68,203274217,263462633901.30,-0.27
2025-05-14,6144.25,6160.37,6199.30,6111.11,211559083,252514241033.70,0.15
2025-05-15,6146.00,6057.04,6146.00,6055.84,190523814,224907797793.30,-1.68
2025-05-16,6042.22,6068.12,6098.88,6042.22,176394759,206157492557.60,0.18
2025-05-19,6073.20,6095.34,6100.80,6009.95,184712990,214012637258.10,0.45
2025-05-20,6097.36,6146.02,6154.95,6078.22,192957294,232587241742.70,0.83
2025-05-21,6137.10,6132.18,6141.73,6109.92,196550842,234419144815.40,-0.23
2025-05-22,6113.21,6066.10,6146.20,6062.59,186395737,220813672515.20,-1.08
2025-05-23,6060.52,5989.68,6099.23,5989.68,184923774,224806210853.60,-1.26
2025-05-26,5991.86,6028.79,6038.81,5981.84,155988794,191925536268.60,0.65
2025-05-27,6019.54,6008.46,6023.14,5971.35,157945758,193605916886.10,-0.34
2025-05-28,6006.89,5984.46,6023.82,5972.18,159105494,191732662667.60,-0.40
2025-05-29,5980.86,6089.58,6091.96,5980.86,189376466,232575959070.10,1.76
2025-05-30,6075.45,6026.56,6075.45,6016.89,186918671,228038836605.50,-1.03
2025-06-03,6009.18,6070.04,6086.62,6008.54,191764672,234296502252.40,0.72
2025-06-04,6067.83,6123.17,6124.70,6067.83,186955850,232039996402.20,0.88
2025-06-05,6125.89,6167.01,6174.85,6101.85,206077919,273238606861.70,0.72
2025-06-06,6164.41,6152.84,6169.57,6137.57,178339582,240362538720.10,-0.23
2025-06-09,6161.14,6218.96,6226.38,6158.90,193283632,255785048702.10,1.07
2025-06-10,6220.04,6161.69,6220.04,6098.09,220060485,277218151000.20,-0.92
2025-06-11,6162.16,6186.51,6221.20,6162.16,197643580,243671184607.80,0.40
2025-06-12,6171.56,6192.22,6202.73,6151.04,197018749,250824401493.70,0.09
2025-06-13,6174.43,6106.01,6183.71,6088.57,236889547,298969326947.80,-1.39
2025-06-16,6089.96,6147.46,6151.51,6089.96,197310933,253087825584.30,0.68
2025-06-17,6153.15,6141.47,6171.17,6120.57,208427280,260873532301.40,-0.10
2025-06-18,6126.18,6135.39,6143.21,6086.69,204105755,256463608433.80,-0.10
2025-06-19,6127.94,6048.22,6146.64,6028.72,212217336,270827079699.40,-1.42
2025-06-20,6039.99,5999.59,6061.84,5997.59,180857342,226531986434.80,-0.80
2025-06-23,5966.50,6078.22,6083.53,5965.66,193558490,239995084576.30,1.31
2025-06-24,6082.74,6194.67,6194.67,6082.74,233453403,303658275673.70,1.92
2025-06-25,6196.15,6276.16,6282.11,6194.15,247556325,334997601175.60,1.32
2025-06-26,6272.44,6247.79,6310.54,6244.78,254246495,343746329448.10,-0.45
2025-06-27,6265.92,6276.94,6319.16,6257.59,248563352,330455014092.60,0.47
2025-06-30,6297.08,6356.18,6358.03,6292.51,237322973,336221160415.20,1.26
2025-07-01,6358.06,6373.77,6373.77,6308.06,243537330,334302458347.30,0.28
2025-07-02,6358.87,6309.48,6358.87,6285.00,238580903,296643998872.10,-1.01
2025-07-03,6306.75,6342.64,6349.14,6295.23,213980765,270492479384.70,0.53
2025-07-04,6338.56,6312.20,6375.07,6292.14,238133210,304676921480.60,-0.48
2025-07-07,6305.04,6327.14,6333.51,6303.86,210477361,264834579254.80,0.24
2025-07-08,6321.55,6407.70,6408.11,6318.52,235125583,306816858617.10,1.27
2025-07-09,6412.14,6390.47,6431.09,6375.08,236175589,303195813288.70,-0.27
2025-07-10,6385.21,6406.57,6427.74,6367.66,240183380,296726316907.60,0.25
2025-07-11,6411.31,6461.10,6487.44,6388.40,282561283,352065982159.20,0.85
2025-07-14,6465.51,6462.31,6474.93,6443.56,242057801,302637448818.80,0.02
2025-07-15,6452.00,6442.83,6472.53,6381.56,269869411,347377816360.10,-0.30
2025-07-16,6440.52,6462.06,6487.83,6433.51,220230024,306082808216.70,0.30
2025-07-17,6458.41,6535.67,6535.67,6451.15,227831646,325983691186.50,1.14
2025-07-18,6546.36,6552.07,6563.82,6521.50,234461713,330217284922.40,0.25
2025-07-21,6557.25,6612.26,6614.61,6555.04,276591552,359907688649.30,0.92
2025-07-22,6607.83,6637.10,6642.24,6597.05,301659994,395915308553.60,0.38
2025-07-23,6634.12,6607.22,6667.86,6594.48,294109275,378330158758.80,-0.45
2025-07-24,6602.17,6701.12,6701.12,6602.17,285418219,374405610913.00,1.42
2025-07-25,6708.08,6706.61,6716.70,6674.54,264004798,363139664173.90,0.08
2025-07-28,6713.82,6729.98,6736.08,6679.21,252742904,359575849641.30,0.35
2025-07-29,6724.32,6773.88,6773.88,6684.16,259261236,383703631543.70,0.65
2025-07-30,6758.33,6718.48,6770.88,6662.91,268179559,392675091205.80,-0.82
2025-07-31,6701.16,6661.19,6750.08,6639.12,270138677,401821827245.20,-0.85
2025-08-01,6665.64,6670.47,6702.68,6625.93,232484670,349070970147.40,0.14
2025-08-04,6637.84,6739.69,6739.73,6631.12,213491525,329554815219.10,1.04
2025-08-05,6753.53,6787.48,6787.48,6744.07,223724677,348578384502.90,0.71
2025-08-06,6784.17,6861.31,6865.02,6774.03,258133888,399056054133.90,1.09
2025-08-07,6864.45,6862.15,6876.50,6813.77,261389600,411411186262.30,0.01
2025-08-08,6844.44,6838.13,6865.84,6816.09,251465671,381544614396.80,-0.35
2025-08-11,6850.57,6943.94,6957.40,6850.57,260970241,401163366844.00,1.55
2025-08-12,6943.67,6963.61,6963.80,6894.85,260489869,409922645283.80,0.28
2025-08-13,6966.27,7064.33,7070.50,6966.27,294653874,471479346408.70,1.45
2025-08-14,7072.90,6976.49,7077.81,6957.40,317272936,513604373008.80,-1.24
2025-08-15,6956.51,7117.50,7117.51,6956.51,304005226,492508504867.10,2.02
2025-08-18,7158.53,7237.60,7267.98,7143.07,379831263,606867233382.20,1.69
2025-08-19,7231.93,7242.85,7289.03,7193.59,340879045,558781044092.10,0.07
2025-08-20,7212.97,7305.46,7305.46,7166.99,324751503,517521411018.50,0.86
2025-08-21,7318.76,7253.34,7343.17,7215.34,326822891,516507411053.10,-0.71
2025-08-22,7250.19,7362.94,7362.94,7250.19,326807492,527766039448.30,1.51
2025-08-25,7418.35,7477.73,7504.01,7405.94,408457655,660911467973.60,1.56
2025-08-26,7457.77,7476.47,7526.17,7435.30,363684661,573343123463.70,-0.02
2025-08-27,7488.93,7336.50,7565.35,7336.50,416759265,672784131893.90,-1.87
2025-08-28,7331.19,7447.11,7447.11,7216.77,381466435,631711691476.30,1.51
2025-08-29,7449.86,7438.68,7477.20,7380.83,327640881,565058625663.10,-0.11
2025-09-01,7475.00,7501.15,7502.59,7424.34,324220712,564568450678.90,0.84
2025-09-02,7498.44,7313.88,7499.60,7258.59,350435853,598514462449.80,-2.50
2025-09-03,7336.39,7206.88,7361.03,7182.29,290288568,486667166562.60,-1.46
2025-09-04,7214.72,7041.15,7255.00,6939.66,297622754,488595037929.40,-2.30
2025-09-05,7046.96,7245.67,7248.58,7017.95,282765931,458842754388.20,2.90
2025-09-08,7257.33,7311.03,7321.16,7220.59,307813289,495541349344.00,0.90
2025-09-09,7287.40,7226.03,7315.97,7198.32,282443061,431928802540.20,-1.16
2025-09-10,7214.23,7230.17,7296.00,7179.76,252674158,396104754790.10,0.06
2025-09-11,7215.93,7399.89,7399.89,7161.28,293975142,486236595199.90,2.35
2025-09-12,7402.42,7422.88,7472.87,7387.59,315838793,508828451805.10,0.31
2025-09-15,7445.50,7415.57,7454.30,7404.50,301307761,475104705371.80,-0.10
2025-09-16,7426.41,7483.63,7487.07,7364.73,309010590,474734476789.60,0.92
2025-09-17,7478.41,7554.81,7564.82,7461.41,301706485,493296275782.60,0.95
2025-09-18,7552.23,7476.40,7665.97,7393.18,398600102,654022739891.20,-1.04
2025-09-19,7473.02,7438.19,7520.92,7405.29,295895870,483203148485.40,-0.51
2025-09-22,7457.89,7489.48,7489.48,7418.46,270362602,440515484560.20,0.69
2025-09-23,7500.62,7408.07,7504.23,7261.67,313260280,503959593111.70,-1.09
2025-09-24,7375.91,7534.22,7534.22,7342.47,278912761,494397619555.60,1.70
2025-09-25,7521.32,7506.51,7563.08,7487.12,264403712,464745025578.90,-0.37
2025-09-26,7476.94,7397.59,7516.11,7396.58,258750259,436863300985.50,-1.45
2025-09-29,7415.13,7497.83,7517.12,7376.91,258680184,419534690314.00,1.36
2025-09-30,7525.62,7574.96,7592.91,7524.92,255173785,442639611194.10,1.03
2025-10-09,7623.30,7648.05,7671.17,7590.47,303491380,530500291414.70,0.96
2025-10-10,7608.29,7533.82,7621.98,7513.17,290429922,485703734784.30,-1.49
2025-10-13,7250.58,7519.76,7535.21,7250.58,288400411,470990827391.50,-0.19
2025-10-14,7580.39,7373.15,7611.83,7342.60,304412013,506690155148.90,-1.95
2025-10-15,7384.01,7483.45,7484.05,7315.48,244853965,403797525523.90,1.50
2025-10-16,7460.76,7401.84,7472.75,7378.30,234643070,374296521876.00,-1.09
2025-10-17,7395.87,7185.48,7426.21,7176.96,254327325,383875372638.00,-2.92
2025-10-20,7259.49,7239.18,7301.99,7196.28,218579676,328445222616.70,0.75
2025-10-21,7257.11,7344.05,7350.92,7236.63,237250165,348158794786.90,1.45
2025-10-22,7304.96,7312.21,7349.80,7278.71,227324503,332181328130.80,-0.43
2025-10-23,7292.39,7308.10,7319.55,7192.42,231568976,328574781927.40,-0.06
2025-10-24,7340.67,7419.24,7419.41,7340.67,245559953,397473067375.70,1.52
2025-10-27,7483.30,7495.38,7511.41,7430.62,265344749,458169856647.90,1.03
2025-10-28,7462.91,7479.22,7534.05,7443.70,251804249,431016068636.50,-0.22
2025-10-29,7481.24,7569.12,7569.12,7469.07,265846129,439161754318.70,1.20
2025-10-30,7560.60,7485.08,7569.16,7476.70,297385269,478507155180.50,-1.11
2025-10-31,7480.66,7506.67,7583.03,7480.66,299745206,475587998227.90,0.29
2025-11-03,7507.37,7538.12,7539.33,7417.27,278241705,432422773380.50,0.42
2025-11-04,7523.64,7435.73,7523.64,7387.38,251677413,381678891758.60,-1.36
2025-11-05,7332.10,7464.86,7490.90,7332.10,258548178,373351692087.50,0.39
2025-11-06,7482.91,7551.83,7551.83,7466.75,263612959,405168970723.40,1.17
2025-11-07,7519.75,7541.88,7581.56,7492.93,267888664,419611056738.10,-0.13
2025-11-10,7568.75,7563.25,7592.76,7515.68,274361317,433797531456.70,0.28
2025-11-11,7579.91,7540.79,7598.99,7530.14,265250731,404867228036.50,-0.30
2025-11-12,7520.18,7486.38,7537.76,7421.46,266963363,390482493659.00,-0.72
2025-11-13,7483.66,7590.58,7604.89,7475.51,275636073,420596449342.40,1.39
2025-11-14,7527.83,7502.76,7591.32,7502.76,271972783,406292990194.20,-1.16
2025-11-17,7514.84,7523.08,7544.72,7487.81,261156118,391318349646.00,0.27
2025-11-18,7508.53,7448.10,7521.66,7412.28,277480409,418065487002.40,-1.00
2025-11-19,7438.14,7387.21,7471.73,7348.04,238393820,367172563737.60,-0.82
2025-11-20,7429.70,7340.41,7439.04,7332.32,227536090,356711968727.40,-0.63
2025-11-21,7235.33,7067.70,7274.33,7067.70,284800690,408671897438.10,-3.72
2025-11-24,7105.64,7156.41,7190.72,7064.60,240655062,368993404400.10,1.26
2025-11-25,7195.10,7249.95,7311.73,7194.77,245429429,404174105411.00,1.31
2025-11-26,7236.66,7248.45,7307.20,7225.09,231776824,376963938111.30,-0.02
2025-11-27,7243.71,7257.45,7330.60,7243.71,211277412,365625943247.20,0.12
2025-11-28,7257.17,7334.21,7334.21,7239.85,200680508,342185224996.40,1.06
2025-12-01,7356.51,7386.68,7388.62,7342.60,234411583,392320297531.60,0.72
2025-12-02,7364.20,7313.18,7364.20,7299.27,200512477,320218841083.30,-1.00
2025-12-03,7312.67,7248.27,7324.21,7220.98,214633400,335034477208.30,-0.89
2025-12-04,7246.86,7248.66,7269.90,7185.91,194839254,311315804959.70,0.01
2025-12-05,7244.28,7342.49,7347.00,7194.66,215727663,352805657180.30,1.29
2025-12-08,7359.49,7423.05,7446.19,7359.49,240918995,418474779432.40,1.10
2025-12-09,7400.93,7380.58,7439.55,7370.30,228491428,392312852126.30,-0.57
2025-12-10,7367.49,7408.24,7421.42,7332.05,215611134,360245249692.50,0.37
2025-12-11,7421.79,7312.00,7425.44,7312.00,234020873,381933822512.90,-1.30
2025-12-12,7312.87,7370.94,7384.85,7284.56,243525183,422779414910.80,0.81
2025-12-15,7324.48,7309.08,7375.61,7305.83,220957697,372658890926.00,-0.84
2025-12-16,7302.16,7181.62,7302.16,7143.61,230526007,361621759667.30,-1.74
2025-12-17,7178.31,7288.74,7303.38,7149.02,220498775,366263786190.10,1.49
2025-12-18,7244.64,7272.40,7336.73,7241.86,200044662,348983557160.80,-0.22
2025-12-19,7295.67,7329.81,7357.04,7279.99,219205547,362345403569.50,0.79
2025-12-22,7363.06,7408.35,7433.43,7363.06,221601886,381186010909.50,1.07
2025-12-23,7410.22,7392.42,7441.41,7363.93,224288566,397181525761.70,-0.22
2025-12-24,7391.56,7506.38,7513.25,7386.49,217961455,406286039967.00,1.54
2025-12-25,7507.30,7579.38,7591.78,7502.15,228744917,434419255592.90,0.97
2025-12-26,7575.93,7605.53,7644.84,7550.01,266261611,473665628418.30,0.35
2025-12-29,7606.44,7594.16,7637.91,7574.77,264064796,466873470411.60,-0.15
2025-12-30,7556.54,7597.30,7636.15,7552.40,263331874,468024130590.70,0.04
2025-12-31,7606.65,7595.28,7619.22,7560.72,244549231,440672066748.30,-0.03
2026-01-05,7639.54,7753.88,7753.96,7623.75,305374726,542230841526.30,2.09
2026-01-06,7756.16,7864.90,7864.90,7755.07,331162034,580815076334.10,1.43
2026-01-07,7881.84,7906.42,7939.75,7864.14,318734367,617917011024.80,0.53
2026-01-08,7886.81,7971.59,7993.63,7886.63,325563908,605389117078.60,0.82
2026-01-09,7969.19,8129.18,8131.49,7969.19,381043869,705322959792.50,1.98
2026-01-12,8196.09,8357.01,8371.75,8171.11,447228954,827564717480.80,2.80
2026-01-13,8381.04,8203.13,8381.04,8177.63,454444503,824652003313.70,-1.84
2026-01-14,8204.28,8257.17,8415.10,8154.24,489798359,884281078762.40,0.66
2026-01-15,8197.06,8240.78,8267.81,8151.11,353357708,638659733155.50,-0.20
2026-01-16,8276.61,8232.73,8304.40,8180.12,352539405,633410677296.90,-0.10
2026-01-19,8204.63,8265.65,8298.48,8187.94,326691149,581675794396.00,0.40
2026-01-20,8271.78,8182.75,8300.05,8104.92,336689134,579037016860.80,-1.00
2026-01-21,8138.68,8247.68,8289.13,8136.92,325676368,564720693794.30,0.79
2026-01-22,8272.47,8309.35,8314.22,8252.74,328563281,571805715998.20,0.75
2026-01-23,8331.77,8470.74,8478.56,8323.35,393043020,681947636157.70,1.94
2026-01-26,8513.22,8365.43,8530.42,8302.10,403428375,703181530463.30,-1.24
2026-01-27,8325.43,8382.15,8406.10,8186.24,365657328,630208311333.50,0.20
2026-01-28,8392.75,8399.79,8432.62,8334.68,349658293,627356672599.60,0.21
2026-01-29,8380.61,8332.21,8463.12,8308.82,401987982,677736377632.40,-0.80
2026-01-30,8255.33,8254.86,8313.23,8083.97,364916451,596749295784.90,-0.93
2026-02-02,8166.74,7975.43,8221.58,7974.60,308321467,498940799234.40,-3.39
2026-02-03,8058.76,8209.10,8210.05,8023.24,299218458,525759546405.20,2.93
2026-02-04,8184.20,8207.12,8216.20,8101.20,316461150,516215155944.80,-0.02
2026-02-05,8121.51,8068.08,8154.56,8027.62,275816823,440964669773.20,-1.69
2026-02-06,7980.47,8051.57,8152.32,7950.01,281083563,444590291967.10,-0.20
2026-02-09,8177.29,8233.78,8235.15,8149.65,282848169,482557298731.60,2.26
2026-02-10,8246.22,8250.30,8274.14,8199.51,291916250,475050653321.20,0.20
2026-02-11,8239.17,8239.51,8304.13,8236.96,273234312,438065440518.30,-0.13
2026-02-12,8252.19,8314.83,8337.37,8227.60,277596736,467860009633.10,0.91
2026-02-13,8272.88,8204.83,8323.72,8200.15,261146312,438924354792.70,-1.32
